optimizer,run,time
adam,0,3.8629
sgd,0,2.4231
lbfgs,0,7.572
rmsprop,0,3.095
adagrad,0,2.7141
adamw,0,2.8634
adam,1,2.6881
sgd,1,2.5287
lbfgs,1,7.8195
rmsprop,1,2.9591
adagrad,1,2.6762
adamw,1,2.7817
adam,2,2.8956
sgd,2,2.5328
lbfgs,2,8.0996
rmsprop,2,2.6717
adagrad,2,2.9058
adamw,2,2.9491
adam,3,2.7437
sgd,3,2.7211
lbfgs,3,10.2219
rmsprop,3,2.9536
adagrad,3,2.9723
adamw,3,2.7051
adam,4,2.973
sgd,4,2.8
lbfgs,4,8.7481
rmsprop,4,3.0133
adagrad,4,2.7003
adamw,4,2.7815
adam,5,2.8098
sgd,5,2.4419
lbfgs,5,12.054
rmsprop,5,2.7412
adagrad,5,2.8061
adamw,5,2.7021
adam,6,3.2146
sgd,6,2.693
lbfgs,6,11.0975
rmsprop,6,3.1767
adagrad,6,2.7955
adamw,6,2.6469
adam,7,2.9664
sgd,7,2.7065
lbfgs,7,11.5652
rmsprop,7,2.9363
adagrad,7,2.8105
adamw,7,2.9829
adam,8,3.9982
sgd,8,3.2027
lbfgs,8,13.0875
rmsprop,8,3.1119
adagrad,8,2.986
adamw,8,2.8324
adam,9,2.6772
sgd,9,2.6826
lbfgs,9,9.6462
rmsprop,9,4.3529
adagrad,9,2.7515
adamw,9,3.1057
