optimizer,run,time
adam,0,3.3485
sgd,0,2.1377
lbfgs,0,4.186
rmsprop,0,2.2147
adagrad,0,2.2163
adamw,0,2.6644
adam,1,2.4447
sgd,1,1.9622
lbfgs,1,4.231
rmsprop,1,2.4033
adagrad,1,2.0913
adamw,1,2.5359
adam,2,2.7704
sgd,2,2.5485
lbfgs,2,3.2208
rmsprop,2,2.2945
adagrad,2,2.1227
adamw,2,2.2629
adam,3,6.3369
sgd,3,3.0647
lbfgs,3,3.9534
rmsprop,3,2.3718
adagrad,3,2.4518
adamw,3,2.2937
adam,4,2.2724
sgd,4,2.1203
lbfgs,4,3.6221
rmsprop,4,2.3382
adagrad,4,2.2607
adamw,4,2.5962
adam,5,2.5029
sgd,5,2.198
lbfgs,5,3.2382
rmsprop,5,2.4738
adagrad,5,2.3241
adamw,5,2.3883
adam,6,2.7733
sgd,6,2.2958
lbfgs,6,4.1837
rmsprop,6,2.6937
adagrad,6,2.2173
adamw,6,8.4319
adam,7,2.2595
sgd,7,2.0219
lbfgs,7,3.835
rmsprop,7,2.2594
adagrad,7,2.2921
adamw,7,2.2368
adam,8,2.2713
sgd,8,2.2225
lbfgs,8,3.8913
rmsprop,8,2.3873
adagrad,8,5.2042
adamw,8,2.6426
adam,9,2.761
sgd,9,2.1083
lbfgs,9,4.0863
rmsprop,9,2.8106
adagrad,9,2.4423
adamw,9,2.3093
