optimizer,run,time
adam,0,3.8158
sgd,0,2.8548
lbfgs,0,12.458
rmsprop,0,2.8083
adagrad,0,3.4551
adamw,0,2.5517
adam,1,2.7698
sgd,1,2.6361
lbfgs,1,11.9975
rmsprop,1,2.9239
adagrad,1,2.6876
adamw,1,3.0871
adam,2,3.259
sgd,2,2.5126
lbfgs,2,10.6793
rmsprop,2,2.7624
adagrad,2,3.5782
adamw,2,2.7307
adam,3,2.7401
sgd,3,2.6651
lbfgs,3,12.1417
rmsprop,3,2.9909
adagrad,3,2.7546
adamw,3,2.7406
adam,4,2.7298
sgd,4,2.8396
lbfgs,4,11.8658
rmsprop,4,2.6291
adagrad,4,2.6588
adamw,4,2.5731
adam,5,3.0432
sgd,5,2.5651
lbfgs,5,11.8962
rmsprop,5,2.8734
adagrad,5,2.7485
adamw,5,2.9043
adam,6,3.3059
sgd,6,2.5049
lbfgs,6,10.9135
rmsprop,6,2.8207
adagrad,6,2.6568
adamw,6,2.5773
adam,7,2.53
sgd,7,2.3749
lbfgs,7,11.6265
rmsprop,7,3.0759
adagrad,7,2.5897
adamw,7,2.7128
adam,8,3.1986
sgd,8,2.4403
lbfgs,8,11.2092
rmsprop,8,2.4753
adagrad,8,3.0758
adamw,8,2.7374
adam,9,2.7286
sgd,9,2.4636
lbfgs,9,10.4896
rmsprop,9,2.7395
adagrad,9,2.545
adamw,9,2.6714
