optimizer,run,time
adam,0,3.8243
sgd,0,2.422
lbfgs,0,7.7006
rmsprop,0,2.8445
adagrad,0,2.6527
adamw,0,2.8229
adam,1,3.0242
sgd,1,2.5759
lbfgs,1,7.733
rmsprop,1,2.8696
adagrad,1,2.5881
adamw,1,2.8893
adam,2,3.0698
sgd,2,2.4067
lbfgs,2,7.76
rmsprop,2,2.7089
adagrad,2,2.6597
adamw,2,2.9376
adam,3,2.8836
sgd,3,2.5101
lbfgs,3,8.5362
rmsprop,3,2.7617
adagrad,3,2.6755
adamw,3,2.7677
adam,4,2.9673
sgd,4,2.4394
lbfgs,4,20.2858
rmsprop,4,3.3306
adagrad,4,2.8368
adamw,4,2.6734
adam,5,2.7456
sgd,5,2.4235
lbfgs,5,10.9002
rmsprop,5,2.7689
adagrad,5,2.7557
adamw,5,2.7548
adam,6,2.6843
sgd,6,2.5745
lbfgs,6,32.8444
rmsprop,6,2.7593
adagrad,6,2.5184
adamw,6,2.6764
adam,7,2.6651
sgd,7,2.4897
lbfgs,7,11.2059
rmsprop,7,2.4633
adagrad,7,2.4793
adamw,7,2.4816
adam,8,2.5465
sgd,8,2.4638
lbfgs,8,10.5377
rmsprop,8,3.1868
adagrad,8,2.8892
adamw,8,3.0608
adam,9,2.466
sgd,9,2.4425
lbfgs,9,10.162
rmsprop,9,3.2578
adagrad,9,2.9455
adamw,9,3.2594
