optimizer,run,time
adam,0,4.1496
sgd,0,2.5396
lbfgs,0,3.7695
rmsprop,0,1.9296
adagrad,0,2.0793
adamw,0,2.2926
adam,1,2.2524
sgd,1,2.2793
lbfgs,1,3.8287
rmsprop,1,2.3577
adagrad,1,2.3345
adamw,1,2.4798
adam,2,2.4478
sgd,2,3.2056
lbfgs,2,3.5073
rmsprop,2,2.3897
adagrad,2,1.9494
adamw,2,2.0773
adam,3,2.3867
sgd,3,2.2349
lbfgs,3,8.0067
rmsprop,3,2.636
adagrad,3,2.2567
adamw,3,2.3339
adam,4,2.2856
sgd,4,2.14
lbfgs,4,3.5941
rmsprop,4,2.2954
adagrad,4,2.4415
adamw,4,2.8085
adam,5,2.3583
sgd,5,1.902
lbfgs,5,4.5507
rmsprop,5,3.2622
adagrad,5,2.5782
adamw,5,2.2523
adam,6,2.662
sgd,6,2.3846
lbfgs,6,3.1928
rmsprop,6,6.4053
adagrad,6,2.4348
adamw,6,2.6415
adam,7,2.5715
sgd,7,2.4553
lbfgs,7,3.1501
rmsprop,7,2.3219
adagrad,7,2.2011
adamw,7,2.1723
adam,8,2.2189
sgd,8,1.988
lbfgs,8,3.3024
rmsprop,8,3.0384
adagrad,8,2.5811
adamw,8,2.204
adam,9,2.6831
sgd,9,1.9609
lbfgs,9,3.9483
rmsprop,9,2.6779
adagrad,9,2.5035
adamw,9,2.7102
