optimizer,run,time
adam,0,4.0921
sgd,0,2.5033
lbfgs,0,9.8135
rmsprop,0,2.7915
adagrad,0,2.92
adamw,0,3.015
adam,1,3.4287
sgd,1,2.5623
lbfgs,1,7.3938
rmsprop,1,2.8624
adagrad,1,2.7736
adamw,1,2.5587
adam,2,2.914
sgd,2,2.3723
lbfgs,2,5.8465
rmsprop,2,2.9277
adagrad,2,3.9489
adamw,2,3.5961
adam,3,3.2287
sgd,3,10.7543
lbfgs,3,33.5452
rmsprop,3,10.5734
adagrad,3,5.4544
adamw,3,11.698
adam,4,8.1572
sgd,4,7.5344
lbfgs,4,13.7058
rmsprop,4,3.4834
adagrad,4,6.0337
adamw,4,3.8607
adam,5,5.2818
sgd,5,5.3708
lbfgs,5,25.4851
rmsprop,5,3.0752
adagrad,5,2.8187
adamw,5,2.802
adam,6,3.0882
sgd,6,2.3361
lbfgs,6,7.4378
rmsprop,6,2.7565
adagrad,6,2.5706
adamw,6,2.7891
adam,7,3.1375
sgd,7,2.3756
lbfgs,7,8.2397
rmsprop,7,2.7858
adagrad,7,3.0247
adamw,7,3.054
adam,8,2.6519
sgd,8,2.5891
lbfgs,8,8.6497
rmsprop,8,2.8616
adagrad,8,2.8421
adamw,8,2.7354
adam,9,2.5381
sgd,9,2.411
lbfgs,9,6.3119
rmsprop,9,3.3855
adagrad,9,2.5691
adamw,9,3.0873
