optimizer,run,time
adam,0,2.6289
sgd,0,1.977
lbfgs,0,3.5513
rmsprop,0,2.0342
adagrad,0,2.0735
adamw,0,3.1378
adam,1,2.4204
sgd,1,2.18
lbfgs,1,3.8495
rmsprop,1,2.2565
adagrad,1,2.2589
adamw,1,2.3093
adam,2,2.2951
sgd,2,2.0881
lbfgs,2,3.0531
rmsprop,2,2.3847
adagrad,2,2.4718
adamw,2,2.3163
adam,3,6.7496
sgd,3,2.6847
lbfgs,3,3.5972
rmsprop,3,2.4419
adagrad,3,2.1981
adamw,3,2.8073
adam,4,2.2564
sgd,4,2.0355
lbfgs,4,4.128
rmsprop,4,2.2419
adagrad,4,2.2852
adamw,4,2.2039
adam,5,2.8469
sgd,5,2.3328
lbfgs,5,2.7137
rmsprop,5,2.1942
adagrad,5,2.2871
adamw,5,2.7114
adam,6,2.977
sgd,6,2.1474
lbfgs,6,20.6679
rmsprop,6,3.4913
adagrad,6,2.6457
adamw,6,2.2917
adam,7,2.1494
sgd,7,2.0426
lbfgs,7,3.4736
rmsprop,7,2.2419
adagrad,7,3.3062
adamw,7,3.1574
adam,8,3.3099
sgd,8,2.2266
lbfgs,8,3.6419
rmsprop,8,2.2549
adagrad,8,2.384
adamw,8,2.2301
adam,9,2.5236
sgd,9,1.963
lbfgs,9,3.7741
rmsprop,9,2.5373
adagrad,9,2.0451
adamw,9,3.1166
