step,total,heisenberg,dmi,anisotropy
0,-4.0,-4.0,-0.0,0.0
1,-4.0,-4.0,-0.0,0.0
2,-4.000000476837158,-4.000000476837158,-0.0,0.0
3,-4.0,-4.0,-0.0,0.0
4,-3.999999523162842,-3.999999523162842,-0.0,0.0
5,-3.999999523162842,-3.999999523162842,-0.0,0.0
6,-4.0,-4.0,-0.0,0.0
7,-4.000000476837158,-4.000000476837158,-0.0,0.0
8,-4.0,-4.0,-0.0,0.0
9,-4.0,-4.0,-0.0,0.0
10,-4.0,-4.0,-0.0,0.0
11,-3.999999523162842,-3.999999523162842,-0.0,0.0
12,-3.999999761581421,-3.999999761581421,-0.0,0.0
13,-4.0,-4.0,-0.0,0.0
14,-3.999999761581421,-3.999999761581421,-0.0,0.0
15,-3.999999761581421,-3.999999761581421,-0.0,0.0
16,-3.999999761581421,-3.999999761581421,-0.0,0.0
17,-4.0,-4.0,-0.0,0.0
18,-3.999999761581421,-3.999999761581421,-0.0,0.0
19,-4.000000476837158,-4.000000476837158,-0.0,0.0
20,-4.000000476837158,-4.000000476837158,-0.0,0.0
21,-3.999999523162842,-3.999999523162842,-0.0,0.0
22,-4.0,-4.0,-0.0,0.0
23,-4.0,-4.0,-0.0,0.0
24,-3.9999992847442627,-3.9999992847442627,-0.0,0.0
25,-3.999999761581421,-3.999999761581421,-0.0,0.0
26,-4.0,-4.0,-0.0,0.0
27,-3.999999523162842,-3.999999523162842,-0.0,0.0
28,-3.999999523162842,-3.999999523162842,-0.0,0.0
29,-3.999999523162842,-3.999999523162842,-0.0,0.0
30,-4.0,-4.0,-0.0,0.0
31,-3.9999992847442627,-3.9999992847442627,-0.0,0.0
32,-3.999999523162842,-3.999999523162842,-0.0,0.0
33,-4.0,-4.0,-0.0,0.0
34,-4.0,-4.0,-0.0,0.0
35,-3.999999761581421,-3.999999761581421,-0.0,0.0
36,-4.000000953674316,-4.000000953674316,-0.0,0.0
37,-3.999999523162842,-3.999999523162842,-0.0,0.0
38,-4.0,-4.0,-0.0,0.0
39,-3.999999523162842,-3.999999523162842,-0.0,0.0
40,-4.0,-4.0,-0.0,0.0
41,-4.000000476837158,-4.000000476837158,-0.0,0.0
42,-4.0,-4.0,-0.0,0.0
43,-3.999999523162842,-3.999999523162842,-0.0,0.0
44,-4.0,-4.0,-0.0,0.0
45,-3.999999523162842,-3.999999523162842,-0.0,0.0
46,-3.999999523162842,-3.999999523162842,-0.0,0.0
47,-4.0,-4.0,-0.0,0.0
48,-4.000000476837158,-4.000000476837158,-0.0,0.0
49,-3.999999523162842,-3.999999523162842,-0.0,0.0
50,-4.0,-4.0,-0.0,0.0
51,-4.0,-4.0,-0.0,0.0
52,-3.999999523162842,-3.999999523162842,-0.0,0.0
53,-4.000000476837158,-4.000000476837158,-0.0,0.0
54,-4.000000476837158,-4.000000476837158,-0.0,0.0
55,-3.999999523162842,-3.999999523162842,-0.0,0.0
56,-4.000000476837158,-4.000000476837158,-0.0,0.0
57,-4.0,-4.0,-0.0,0.0
58,-3.999999761581421,-3.999999761581421,-0.0,0.0
59,-3.999999523162842,-3.999999523162842,-0.0,0.0
60,-3.999999761581421,-3.999999761581421,-0.0,0.0
61,-4.0,-4.0,-0.0,0.0
62,-4.0,-4.0,-0.0,0.0
63,-4.0,-4.0,-0.0,0.0
64,-3.999999523162842,-3.999999523162842,-0.0,0.0
65,-4.0,-4.0,-0.0,0.0
66,-3.999999523162842,-3.999999523162842,-0.0,0.0
67,-3.999999523162842,-3.999999523162842,-0.0,0.0
68,-4.0,-4.0,-0.0,0.0
69,-4.0,-4.0,-0.0,0.0
70,-4.000000476837158,-4.000000476837158,-0.0,0.0
71,-4.0,-4.0,-0.0,0.0
72,-4.000000476837158,-4.000000476837158,-0.0,0.0
73,-4.0,-4.0,-0.0,0.0
74,-4.0,-4.0,-0.0,0.0
75,-4.0,-4.0,-0.0,0.0
76,-4.000000476837158,-4.000000476837158,-0.0,0.0
77,-4.0,-4.0,-0.0,0.0
78,-4.0,-4.0,-0.0,0.0
79,-4.0,-4.0,-0.0,0.0
80,-4.000000476837158,-4.000000476837158,-0.0,0.0
81,-4.0,-4.0,-0.0,0.0
82,-3.999999523162842,-3.999999523162842,-0.0,0.0
83,-3.999999523162842,-3.999999523162842,-0.0,0.0
84,-4.0,-4.0,-0.0,0.0
85,-4.0,-4.0,-0.0,0.0
86,-4.0,-4.0,-0.0,0.0
87,-4.0,-4.0,-0.0,0.0
88,-4.0,-4.0,-0.0,0.0
89,-4.000000476837158,-4.000000476837158,-0.0,0.0
90,-4.000000476837158,-4.000000476837158,-0.0,0.0
91,-3.999999523162842,-3.999999523162842,-0.0,0.0
92,-4.0,-4.0,-0.0,0.0
93,-3.999999761581421,-3.999999761581421,-0.0,0.0
94,-3.999999523162842,-3.999999523162842,-0.0,0.0
95,-3.999999523162842,-3.999999523162842,-0.0,0.0
96,-3.999999761581421,-3.999999761581421,-0.0,0.0
97,-4.0,-4.0,-0.0,0.0
98,-4.0,-4.0,-0.0,0.0
99,-3.999999523162842,-3.999999523162842,-0.0,0.0
100,-3.999999761581421,-3.999999761581421,-0.0,0.0
101,-3.999999761581421,-3.999999761581421,-0.0,0.0
102,-4.000000476837158,-4.000000476837158,-0.0,0.0
103,-4.000000476837158,-4.000000476837158,-0.0,0.0
104,-4.000000476837158,-4.000000476837158,-0.0,0.0
105,-4.0,-4.0,-0.0,0.0
106,-3.999999761581421,-3.999999761581421,-0.0,0.0
107,-4.000000476837158,-4.000000476837158,-0.0,0.0
108,-4.0,-4.0,-0.0,0.0
109,-3.999999761581421,-3.999999761581421,-0.0,0.0
110,-4.0,-4.0,-0.0,0.0
111,-4.0,-4.0,-0.0,0.0
112,-4.0,-4.0,-0.0,0.0
113,-4.000000476837158,-4.000000476837158,-0.0,0.0
114,-4.000000476837158,-4.000000476837158,-0.0,0.0
115,-4.0,-4.0,-0.0,0.0
116,-3.999999761581421,-3.999999761581421,-0.0,0.0
117,-4.0,-4.0,-0.0,0.0
118,-4.000000476837158,-4.000000476837158,-0.0,0.0
119,-4.000000476837158,-4.000000476837158,-0.0,0.0
120,-4.0,-4.0,-0.0,0.0
121,-4.0,-4.0,-0.0,0.0
122,-4.000000476837158,-4.000000476837158,-0.0,0.0
123,-3.999999761581421,-3.999999761581421,-0.0,0.0
124,-4.0,-4.0,-0.0,0.0
125,-4.000000476837158,-4.000000476837158,-0.0,0.0
126,-4.000000476837158,-4.000000476837158,-0.0,0.0
127,-4.0,-4.0,-0.0,0.0
128,-4.0,-4.0,-0.0,0.0
129,-3.999999761581421,-3.999999761581421,-0.0,0.0
130,-4.0,-4.0,-0.0,0.0
131,-4.0,-4.0,-0.0,0.0
132,-4.0,-4.0,-0.0,0.0
133,-3.999999761581421,-3.999999761581421,-0.0,0.0
134,-4.000000476837158,-4.000000476837158,-0.0,0.0
135,-4.0,-4.0,-0.0,0.0
136,-4.0,-4.0,-0.0,0.0
137,-4.000000476837158,-4.000000476837158,-0.0,0.0
138,-4.0,-4.0,-0.0,0.0
139,-3.999999761581421,-3.999999761581421,-0.0,0.0
140,-4.0,-4.0,-0.0,0.0
141,-4.0,-4.0,-0.0,0.0
142,-4.0,-4.0,-0.0,0.0
143,-4.0,-4.0,-0.0,0.0
144,-4.0,-4.0,-0.0,0.0
145,-4.0,-4.0,-0.0,0.0
146,-4.0,-4.0,-0.0,0.0
147,-4.000000476837158,-4.000000476837158,-0.0,0.0
148,-4.000000476837158,-4.000000476837158,-0.0,0.0
149,-3.999999761581421,-3.999999761581421,-0.0,0.0
150,-3.999999523162842,-3.999999523162842,-0.0,0.0
151,-4.0,-4.0,-0.0,0.0
152,-3.999999523162842,-3.999999523162842,-0.0,0.0
153,-3.999999761581421,-3.999999761581421,-0.0,0.0
154,-4.0,-4.0,-0.0,0.0
155,-3.999999523162842,-3.999999523162842,-0.0,0.0
156,-4.0,-4.0,-0.0,0.0
157,-3.999999523162842,-3.999999523162842,-0.0,0.0
158,-4.000000476837158,-4.000000476837158,-0.0,0.0
159,-4.0,-4.0,-0.0,0.0
160,-4.0,-4.0,-0.0,0.0
161,-3.999999761581421,-3.999999761581421,-0.0,0.0
162,-3.999999523162842,-3.999999523162842,-0.0,0.0
163,-3.999999523162842,-3.999999523162842,-0.0,0.0
164,-4.0,-4.0,-0.0,0.0
165,-4.000000476837158,-4.000000476837158,-0.0,0.0
166,-4.000000476837158,-4.000000476837158,-0.0,0.0
167,-4.0,-4.0,-0.0,0.0
168,-3.999999523162842,-3.999999523162842,-0.0,0.0
169,-3.999999523162842,-3.999999523162842,-0.0,0.0
170,-4.0,-4.0,-0.0,0.0
171,-4.000000476837158,-4.000000476837158,-0.0,0.0
172,-3.9999992847442627,-3.9999992847442627,-0.0,0.0
173,-4.000000953674316,-4.000000953674316,-0.0,0.0
174,-4.000000476837158,-4.000000476837158,-0.0,0.0
175,-4.0,-4.0,-0.0,0.0
176,-4.0,-4.0,-0.0,0.0
177,-3.999999523162842,-3.999999523162842,-0.0,0.0
178,-4.0,-4.0,-0.0,0.0
179,-4.000000476837158,-4.000000476837158,-0.0,0.0
180,-3.999999523162842,-3.999999523162842,-0.0,0.0
181,-3.999999523162842,-3.999999523162842,-0.0,0.0
182,-4.000000476837158,-4.000000476837158,-0.0,0.0
183,-3.999999761581421,-3.999999761581421,-0.0,0.0
184,-3.9999992847442627,-3.9999992847442627,-0.0,0.0
185,-4.0,-4.0,-0.0,0.0
186,-4.0,-4.0,-0.0,0.0
187,-4.0,-4.0,-0.0,0.0
188,-4.000000476837158,-4.000000476837158,-0.0,0.0
189,-3.999999523162842,-3.999999523162842,-0.0,0.0
190,-3.999999761581421,-3.999999761581421,-0.0,0.0
191,-4.0,-4.0,-0.0,0.0
192,-4.0,-4.0,-0.0,0.0
193,-4.0,-4.0,-0.0,0.0
194,-4.0,-4.0,-0.0,0.0
195,-4.0,-4.0,-0.0,0.0
196,-4.000000476837158,-4.000000476837158,-0.0,0.0
197,-4.0,-4.0,-0.0,0.0
198,-3.999999761581421,-3.999999761581421,-0.0,0.0
199,-4.000000476837158,-4.000000476837158,-0.0,0.0
200,-4.000000476837158,-4.000000476837158,-0.0,0.0
201,-3.999999761581421,-3.999999761581421,-0.0,0.0
202,-3.999999523162842,-3.999999523162842,-0.0,0.0
203,-3.999999523162842,-3.999999523162842,-0.0,0.0
204,-4.000000476837158,-4.000000476837158,-0.0,0.0
205,-4.0,-4.0,-0.0,0.0
206,-3.999999761581421,-3.999999761581421,-0.0,0.0
207,-3.999999523162842,-3.999999523162842,-0.0,0.0
208,-4.0,-4.0,-0.0,0.0
209,-4.0,-4.0,-0.0,0.0
210,-4.0,-4.0,-0.0,0.0
211,-4.000000476837158,-4.000000476837158,-0.0,0.0
212,-3.999999523162842,-3.999999523162842,-0.0,0.0
213,-3.999999761581421,-3.999999761581421,-0.0,0.0
214,-4.000000953674316,-4.000000953674316,-0.0,0.0
215,-4.0,-4.0,-0.0,0.0
216,-3.999999761581421,-3.999999761581421,-0.0,0.0
217,-4.0,-4.0,-0.0,0.0
218,-4.0,-4.0,-0.0,0.0
219,-4.000000476837158,-4.000000476837158,-0.0,0.0
220,-4.000000476837158,-4.000000476837158,-0.0,0.0
221,-4.0,-4.0,-0.0,0.0
222,-3.999999523162842,-3.999999523162842,-0.0,0.0
223,-4.0,-4.0,-0.0,0.0
224,-4.0,-4.0,-0.0,0.0
225,-4.0,-4.0,-0.0,0.0
226,-4.000000476837158,-4.000000476837158,-0.0,0.0
227,-4.0,-4.0,-0.0,0.0
228,-4.0,-4.0,-0.0,0.0
229,-4.000000476837158,-4.000000476837158,-0.0,0.0
230,-3.999999761581421,-3.999999761581421,-0.0,0.0
231,-4.0,-4.0,-0.0,0.0
232,-4.0,-4.0,-0.0,0.0
233,-3.999999761581421,-3.999999761581421,-0.0,0.0
234,-4.0,-4.0,-0.0,0.0
235,-3.999999523162842,-3.999999523162842,-0.0,0.0
236,-4.0,-4.0,-0.0,0.0
237,-3.999999523162842,-3.999999523162842,-0.0,0.0
238,-3.999999761581421,-3.999999761581421,-0.0,0.0
239,-4.0,-4.0,-0.0,0.0
240,-4.0,-4.0,-0.0,0.0
241,-4.0,-4.0,-0.0,0.0
242,-3.999999761581421,-3.999999761581421,-0.0,0.0
243,-4.0,-4.0,-0.0,0.0
244,-4.0,-4.0,-0.0,0.0
245,-3.999999761581421,-3.999999761581421,-0.0,0.0
246,-4.0,-4.0,-0.0,0.0
247,-4.0,-4.0,-0.0,0.0
248,-4.0,-4.0,-0.0,0.0
249,-4.0,-4.0,-0.0,0.0
250,-4.000000476837158,-4.000000476837158,-0.0,0.0
251,-3.999999761581421,-3.999999761581421,-0.0,0.0
252,-4.0,-4.0,-0.0,0.0
253,-4.0,-4.0,-0.0,0.0
254,-4.0,-4.0,-0.0,0.0
255,-4.0,-4.0,-0.0,0.0
256,-4.0,-4.0,-0.0,0.0
257,-4.0,-4.0,-0.0,0.0
258,-4.000000476837158,-4.000000476837158,-0.0,0.0
259,-4.000000476837158,-4.000000476837158,-0.0,0.0
260,-3.999999761581421,-3.999999761581421,-0.0,0.0
261,-3.999999761581421,-3.999999761581421,-0.0,0.0
262,-4.0,-4.0,-0.0,0.0
263,-4.000000476837158,-4.000000476837158,-0.0,0.0
264,-4.0,-4.0,-0.0,0.0
265,-4.000000476837158,-4.000000476837158,-0.0,0.0
266,-4.0,-4.0,-0.0,0.0
267,-4.0,-4.0,-0.0,0.0
268,-3.999999761581421,-3.999999761581421,-0.0,0.0
269,-4.0,-4.0,-0.0,0.0
270,-3.999999761581421,-3.999999761581421,-0.0,0.0
271,-4.000000476837158,-4.000000476837158,-0.0,0.0
272,-3.999999761581421,-3.999999761581421,-0.0,0.0
273,-3.999999761581421,-3.999999761581421,-0.0,0.0
274,-4.0,-4.0,-0.0,0.0
275,-4.0,-4.0,-0.0,0.0
276,-4.0,-4.0,-0.0,0.0
277,-4.0,-4.0,-0.0,0.0
278,-4.0,-4.0,-0.0,0.0
279,-4.0,-4.0,-0.0,0.0
280,-4.0,-4.0,-0.0,0.0
281,-4.0,-4.0,-0.0,0.0
282,-4.0,-4.0,-0.0,0.0
283,-4.0,-4.0,-0.0,0.0
284,-4.000000476837158,-4.000000476837158,-0.0,0.0
285,-4.0,-4.0,-0.0,0.0
286,-4.0,-4.0,-0.0,0.0
287,-3.999999761581421,-3.999999761581421,-0.0,0.0
288,-3.999999761581421,-3.999999761581421,-0.0,0.0
289,-4.0,-4.0,-0.0,0.0
290,-3.999999523162842,-3.999999523162842,-0.0,0.0
291,-4.000000476837158,-4.000000476837158,-0.0,0.0
292,-4.000000476837158,-4.000000476837158,-0.0,0.0
293,-3.999999761581421,-3.999999761581421,-0.0,0.0
294,-3.999999761581421,-3.999999761581421,-0.0,0.0
295,-4.000000476837158,-4.000000476837158,-0.0,0.0
296,-4.0,-4.0,-0.0,0.0
297,-4.0,-4.0,-0.0,0.0
298,-4.0,-4.0,-0.0,0.0
299,-3.999999761581421,-3.999999761581421,-0.0,0.0
300,-4.000000476837158,-4.000000476837158,-0.0,0.0
301,-3.999999761581421,-3.999999761581421,-0.0,0.0
302,-3.999999761581421,-3.999999761581421,-0.0,0.0
303,-3.999999761581421,-3.999999761581421,-0.0,0.0
304,-4.0,-4.0,-0.0,0.0
305,-4.0,-4.0,-0.0,0.0
306,-3.999999523162842,-3.999999523162842,-0.0,0.0
307,-4.0,-4.0,-0.0,0.0
308,-3.999999761581421,-3.999999761581421,-0.0,0.0
309,-4.0,-4.0,-0.0,0.0
310,-4.0,-4.0,-0.0,0.0
311,-4.000000476837158,-4.000000476837158,-0.0,0.0
312,-4.0,-4.0,-0.0,0.0
313,-3.999999523162842,-3.999999523162842,-0.0,0.0
314,-4.0,-4.0,-0.0,0.0
315,-4.0,-4.0,-0.0,0.0
316,-4.0,-4.0,-0.0,0.0
317,-3.999999761581421,-3.999999761581421,-0.0,0.0
318,-4.0,-4.0,-0.0,0.0
319,-3.999999761581421,-3.999999761581421,-0.0,0.0
320,-3.999999761581421,-3.999999761581421,-0.0,0.0
321,-4.0,-4.0,-0.0,0.0
322,-3.999999761581421,-3.999999761581421,-0.0,0.0
323,-4.000000476837158,-4.000000476837158,-0.0,0.0
324,-3.999999523162842,-3.999999523162842,-0.0,0.0
325,-4.000000476837158,-4.000000476837158,-0.0,0.0
326,-4.0,-4.0,-0.0,0.0
327,-3.999999761581421,-3.999999761581421,-0.0,0.0
328,-4.000000476837158,-4.000000476837158,-0.0,0.0
329,-3.999999523162842,-3.999999523162842,-0.0,0.0
330,-4.0,-4.0,-0.0,0.0
331,-4.0,-4.0,-0.0,0.0
332,-4.0,-4.0,-0.0,0.0
333,-3.999999761581421,-3.999999761581421,-0.0,0.0
334,-4.000000476837158,-4.000000476837158,-0.0,0.0
335,-4.000000476837158,-4.000000476837158,-0.0,0.0
336,-4.0,-4.0,-0.0,0.0
337,-3.999999523162842,-3.999999523162842,-0.0,0.0
338,-4.0,-4.0,-0.0,0.0
339,-4.000000476837158,-4.000000476837158,-0.0,0.0
340,-4.000000476837158,-4.000000476837158,-0.0,0.0
341,-4.0,-4.0,-0.0,0.0
342,-4.0,-4.0,-0.0,0.0
343,-4.0,-4.0,-0.0,0.0
344,-4.0,-4.0,-0.0,0.0
345,-4.0,-4.0,-0.0,0.0
346,-4.0,-4.0,-0.0,0.0
347,-3.999999523162842,-3.999999523162842,-0.0,0.0
348,-4.0,-4.0,-0.0,0.0
349,-4.0,-4.0,-0.0,0.0
350,-4.0,-4.0,-0.0,0.0
351,-3.999999761581421,-3.999999761581421,-0.0,0.0
352,-4.0,-4.0,-0.0,0.0
353,-3.999999761581421,-3.999999761581421,-0.0,0.0
354,-4.0,-4.0,-0.0,0.0
355,-4.0,-4.0,-0.0,0.0
356,-3.999999523162842,-3.999999523162842,-0.0,0.0
357,-4.000000476837158,-4.000000476837158,-0.0,0.0
358,-4.0,-4.0,-0.0,0.0
359,-4.0,-4.0,-0.0,0.0
360,-3.999999761581421,-3.999999761581421,-0.0,0.0
361,-4.0,-4.0,-0.0,0.0
362,-4.0,-4.0,-0.0,0.0
363,-3.999999761581421,-3.999999761581421,-0.0,0.0
364,-3.999999761581421,-3.999999761581421,-0.0,0.0
365,-4.000000476837158,-4.000000476837158,-0.0,0.0
366,-4.0,-4.0,-0.0,0.0
367,-4.000000476837158,-4.000000476837158,-0.0,0.0
368,-3.999999761581421,-3.999999761581421,-0.0,0.0
369,-4.0,-4.0,-0.0,0.0
370,-4.000000476837158,-4.000000476837158,-0.0,0.0
371,-4.0,-4.0,-0.0,0.0
372,-3.999999761581421,-3.999999761581421,-0.0,0.0
373,-4.0,-4.0,-0.0,0.0
374,-4.0,-4.0,-0.0,0.0
375,-4.0,-4.0,-0.0,0.0
376,-4.0,-4.0,-0.0,0.0
377,-3.999999761581421,-3.999999761581421,-0.0,0.0
378,-4.0,-4.0,-0.0,0.0
379,-4.000000476837158,-4.000000476837158,-0.0,0.0
380,-3.999999523162842,-3.999999523162842,-0.0,0.0
381,-4.0,-4.0,-0.0,0.0
382,-3.999999761581421,-3.999999761581421,-0.0,0.0
383,-4.0,-4.0,-0.0,0.0
384,-3.999999523162842,-3.999999523162842,-0.0,0.0
385,-4.0,-4.0,-0.0,0.0
386,-4.0,-4.0,-0.0,0.0
387,-4.0,-4.0,-0.0,0.0
388,-3.999999761581421,-3.999999761581421,-0.0,0.0
389,-4.000000476837158,-4.000000476837158,-0.0,0.0
390,-3.999999761581421,-3.999999761581421,-0.0,0.0
391,-4.0,-4.0,-0.0,0.0
392,-3.999999523162842,-3.999999523162842,-0.0,0.0
393,-3.999999761581421,-3.999999761581421,-0.0,0.0
394,-4.0,-4.0,-0.0,0.0
395,-4.0,-4.0,-0.0,0.0
396,-4.0,-4.0,-0.0,0.0
397,-4.0,-4.0,-0.0,0.0
398,-4.000000476837158,-4.000000476837158,-0.0,0.0
399,-4.0,-4.0,-0.0,0.0
400,-4.0,-4.0,-0.0,0.0
401,-4.0,-4.0,-0.0,0.0
402,-4.0,-4.0,-0.0,0.0
403,-4.0,-4.0,-0.0,0.0
404,-4.0,-4.0,-0.0,0.0
405,-4.000000476837158,-4.000000476837158,-0.0,0.0
406,-4.0,-4.0,-0.0,0.0
407,-3.999999761581421,-3.999999761581421,-0.0,0.0
408,-4.0,-4.0,-0.0,0.0
409,-4.0,-4.0,-0.0,0.0
410,-4.0,-4.0,-0.0,0.0
411,-4.000000476837158,-4.000000476837158,-0.0,0.0
412,-4.0,-4.0,-0.0,0.0
413,-4.000000476837158,-4.000000476837158,-0.0,0.0
414,-4.0,-4.0,-0.0,0.0
415,-3.999999761581421,-3.999999761581421,-0.0,0.0
416,-3.999999523162842,-3.999999523162842,-0.0,0.0
417,-4.0,-4.0,-0.0,0.0
418,-4.0,-4.0,-0.0,0.0
419,-3.999999523162842,-3.999999523162842,-0.0,0.0
420,-4.0,-4.0,-0.0,0.0
421,-4.000000476837158,-4.000000476837158,-0.0,0.0
422,-4.0,-4.0,-0.0,0.0
423,-4.000000476837158,-4.000000476837158,-0.0,0.0
424,-3.999999523162842,-3.999999523162842,-0.0,0.0
425,-4.0,-4.0,-0.0,0.0
426,-4.0,-4.0,-0.0,0.0
427,-4.0,-4.0,-0.0,0.0
428,-3.999999523162842,-3.999999523162842,-0.0,0.0
429,-3.999999761581421,-3.999999761581421,-0.0,0.0
430,-3.999999761581421,-3.999999761581421,-0.0,0.0
431,-4.0,-4.0,-0.0,0.0
432,-4.000000476837158,-4.000000476837158,-0.0,0.0
433,-4.0,-4.0,-0.0,0.0
434,-4.0,-4.0,-0.0,0.0
435,-3.999999761581421,-3.999999761581421,-0.0,0.0
436,-3.999999523162842,-3.999999523162842,-0.0,0.0
437,-4.0,-4.0,-0.0,0.0
438,-4.0,-4.0,-0.0,0.0
439,-4.0,-4.0,-0.0,0.0
440,-4.0,-4.0,-0.0,0.0
441,-4.0,-4.0,-0.0,0.0
442,-4.0,-4.0,-0.0,0.0
443,-4.0,-4.0,-0.0,0.0
444,-3.999999761581421,-3.999999761581421,-0.0,0.0
445,-4.0,-4.0,-0.0,0.0
446,-4.0,-4.0,-0.0,0.0
447,-3.999999761581421,-3.999999761581421,-0.0,0.0
448,-4.0,-4.0,-0.0,0.0
449,-3.999999523162842,-3.999999523162842,-0.0,0.0
450,-4.0,-4.0,-0.0,0.0
451,-3.999999761581421,-3.999999761581421,-0.0,0.0
452,-3.999999761581421,-3.999999761581421,-0.0,0.0
453,-4.0,-4.0,-0.0,0.0
454,-3.999999523162842,-3.999999523162842,-0.0,0.0
455,-3.999999523162842,-3.999999523162842,-0.0,0.0
456,-3.999999761581421,-3.999999761581421,-0.0,0.0
457,-4.0,-4.0,-0.0,0.0
458,-4.000000476837158,-4.000000476837158,-0.0,0.0
459,-3.999999523162842,-3.999999523162842,-0.0,0.0
460,-4.0,-4.0,-0.0,0.0
461,-3.999999761581421,-3.999999761581421,-0.0,0.0
462,-4.000000476837158,-4.000000476837158,-0.0,0.0
463,-4.0,-4.0,-0.0,0.0
464,-4.0,-4.0,-0.0,0.0
465,-4.0,-4.0,-0.0,0.0
466,-3.999999761581421,-3.999999761581421,-0.0,0.0
467,-3.999999761581421,-3.999999761581421,-0.0,0.0
468,-3.999999523162842,-3.999999523162842,-0.0,0.0
469,-3.999999761581421,-3.999999761581421,-0.0,0.0
470,-4.0,-4.0,-0.0,0.0
471,-3.999999523162842,-3.999999523162842,-0.0,0.0
472,-4.0,-4.0,-0.0,0.0
473,-3.999999523162842,-3.999999523162842,-0.0,0.0
474,-3.999999761581421,-3.999999761581421,-0.0,0.0
475,-3.999999761581421,-3.999999761581421,-0.0,0.0
476,-4.0,-4.0,-0.0,0.0
477,-4.0,-4.0,-0.0,0.0
478,-3.999999523162842,-3.999999523162842,-0.0,0.0
479,-4.0,-4.0,-0.0,0.0
480,-4.0,-4.0,-0.0,0.0
481,-4.0,-4.0,-0.0,0.0
482,-4.0,-4.0,-0.0,0.0
483,-4.0,-4.0,-0.0,0.0
484,-3.999999761581421,-3.999999761581421,-0.0,0.0
485,-4.000000476837158,-4.000000476837158,-0.0,0.0
486,-4.000000476837158,-4.000000476837158,-0.0,0.0
487,-4.0,-4.0,-0.0,0.0
488,-3.999999761581421,-3.999999761581421,-0.0,0.0
489,-4.000000476837158,-4.000000476837158,-0.0,0.0
490,-3.999999523162842,-3.999999523162842,-0.0,0.0
491,-4.0,-4.0,-0.0,0.0
492,-3.999999523162842,-3.999999523162842,-0.0,0.0
493,-4.000000476837158,-4.000000476837158,-0.0,0.0
494,-3.999999523162842,-3.999999523162842,-0.0,0.0
495,-3.9999992847442627,-3.9999992847442627,-0.0,0.0
496,-3.999999523162842,-3.999999523162842,-0.0,0.0
497,-3.999999523162842,-3.999999523162842,-0.0,0.0
498,-3.999999523162842,-3.999999523162842,-0.0,0.0
499,-4.0,-4.0,-0.0,0.0
500,-4.000000476837158,-4.000000476837158,-0.0,0.0
501,-4.0,-4.0,-0.0,0.0
502,-4.0,-4.0,-0.0,0.0
503,-4.0,-4.0,-0.0,0.0
504,-4.0,-4.0,-0.0,0.0
505,-4.0,-4.0,-0.0,0.0
506,-4.000000476837158,-4.000000476837158,-0.0,0.0
507,-4.000000476837158,-4.000000476837158,-0.0,0.0
508,-3.999999523162842,-3.999999523162842,-0.0,0.0
509,-3.999999761581421,-3.999999761581421,-0.0,0.0
510,-4.000000953674316,-4.000000953674316,-0.0,0.0
511,-3.999999761581421,-3.999999761581421,-0.0,0.0
512,-3.999999761581421,-3.999999761581421,-0.0,0.0
513,-4.0,-4.0,-0.0,0.0
514,-4.000000476837158,-4.000000476837158,-0.0,0.0
515,-4.0,-4.0,-0.0,0.0
516,-4.0,-4.0,-0.0,0.0
517,-4.0,-4.0,-0.0,0.0
518,-3.999999761581421,-3.999999761581421,-0.0,0.0
519,-4.0,-4.0,-0.0,0.0
520,-4.0,-4.0,-0.0,0.0
521,-3.999999761581421,-3.999999761581421,-0.0,0.0
522,-4.0,-4.0,-0.0,0.0
523,-3.999999523162842,-3.999999523162842,-0.0,0.0
524,-4.0,-4.0,-0.0,0.0
525,-3.999999523162842,-3.999999523162842,-0.0,0.0
526,-3.999999761581421,-3.999999761581421,-0.0,0.0
527,-4.0,-4.0,-0.0,0.0
528,-3.999999761581421,-3.999999761581421,-0.0,0.0
529,-4.000000476837158,-4.000000476837158,-0.0,0.0
530,-3.999999761581421,-3.999999761581421,-0.0,0.0
531,-4.0,-4.0,-0.0,0.0
532,-4.0,-4.0,-0.0,0.0
533,-4.0,-4.0,-0.0,0.0
534,-4.0,-4.0,-0.0,0.0
535,-3.999999523162842,-3.999999523162842,-0.0,0.0
536,-4.0,-4.0,-0.0,0.0
537,-3.999999523162842,-3.999999523162842,-0.0,0.0
538,-4.0,-4.0,-0.0,0.0
539,-4.0,-4.0,-0.0,0.0
540,-4.0,-4.0,-0.0,0.0
541,-3.999999523162842,-3.999999523162842,-0.0,0.0
542,-3.999999761581421,-3.999999761581421,-0.0,0.0
543,-4.0,-4.0,-0.0,0.0
544,-3.999999761581421,-3.999999761581421,-0.0,0.0
545,-3.999999523162842,-3.999999523162842,-0.0,0.0
546,-4.000000476837158,-4.000000476837158,-0.0,0.0
547,-4.000000476837158,-4.000000476837158,-0.0,0.0
548,-4.0,-4.0,-0.0,0.0
549,-4.0,-4.0,-0.0,0.0
550,-3.999999523162842,-3.999999523162842,-0.0,0.0
551,-4.000000476837158,-4.000000476837158,-0.0,0.0
552,-4.0,-4.0,-0.0,0.0
553,-4.000000476837158,-4.000000476837158,-0.0,0.0
554,-4.000000476837158,-4.000000476837158,-0.0,0.0
555,-3.999999523162842,-3.999999523162842,-0.0,0.0
556,-4.0,-4.0,-0.0,0.0
557,-3.999999523162842,-3.999999523162842,-0.0,0.0
558,-4.000000476837158,-4.000000476837158,-0.0,0.0
559,-3.999999523162842,-3.999999523162842,-0.0,0.0
560,-4.0,-4.0,-0.0,0.0
561,-4.0,-4.0,-0.0,0.0
562,-3.999999523162842,-3.999999523162842,-0.0,0.0
563,-4.0,-4.0,-0.0,0.0
564,-3.999999523162842,-3.999999523162842,-0.0,0.0
565,-3.999999761581421,-3.999999761581421,-0.0,0.0
566,-4.000000476837158,-4.000000476837158,-0.0,0.0
567,-3.999999761581421,-3.999999761581421,-0.0,0.0
568,-3.999999761581421,-3.999999761581421,-0.0,0.0
569,-4.000000476837158,-4.000000476837158,-0.0,0.0
570,-4.0,-4.0,-0.0,0.0
571,-4.0,-4.0,-0.0,0.0
572,-4.0,-4.0,-0.0,0.0
573,-3.999999761581421,-3.999999761581421,-0.0,0.0
574,-3.9999992847442627,-3.9999992847442627,-0.0,0.0
575,-4.0,-4.0,-0.0,0.0
576,-4.0,-4.0,-0.0,0.0
577,-3.999999761581421,-3.999999761581421,-0.0,0.0
578,-4.0,-4.0,-0.0,0.0
579,-4.0,-4.0,-0.0,0.0
580,-4.000000476837158,-4.000000476837158,-0.0,0.0
581,-3.999999523162842,-3.999999523162842,-0.0,0.0
582,-3.999999523162842,-3.999999523162842,-0.0,0.0
583,-3.999999761581421,-3.999999761581421,-0.0,0.0
584,-3.999999523162842,-3.999999523162842,-0.0,0.0
585,-3.999999523162842,-3.999999523162842,-0.0,0.0
586,-4.0,-4.0,-0.0,0.0
587,-4.0,-4.0,-0.0,0.0
588,-4.000000476837158,-4.000000476837158,-0.0,0.0
589,-4.0,-4.0,-0.0,0.0
590,-4.000000476837158,-4.000000476837158,-0.0,0.0
591,-4.0,-4.0,-0.0,0.0
592,-4.000000476837158,-4.000000476837158,-0.0,0.0
593,-4.0,-4.0,-0.0,0.0
594,-4.0,-4.0,-0.0,0.0
595,-4.000000476837158,-4.000000476837158,-0.0,0.0
596,-4.0,-4.0,-0.0,0.0
597,-4.000000476837158,-4.000000476837158,-0.0,0.0
598,-4.0,-4.0,-0.0,0.0
599,-3.999999523162842,-3.999999523162842,-0.0,0.0
600,-4.0,-4.0,-0.0,0.0
601,-4.000000476837158,-4.000000476837158,-0.0,0.0
602,-3.9999990463256836,-3.9999990463256836,-0.0,0.0
603,-3.999999761581421,-3.999999761581421,-0.0,0.0
604,-4.000000476837158,-4.000000476837158,-0.0,0.0
605,-4.0,-4.0,-0.0,0.0
606,-4.0,-4.0,-0.0,0.0
607,-4.0,-4.0,-0.0,0.0
608,-4.0,-4.0,-0.0,0.0
609,-3.999999761581421,-3.999999761581421,-0.0,0.0
610,-3.999999523162842,-3.999999523162842,-0.0,0.0
611,-4.0,-4.0,-0.0,0.0
612,-3.999999761581421,-3.999999761581421,-0.0,0.0
613,-4.0,-4.0,-0.0,0.0
614,-4.0,-4.0,-0.0,0.0
615,-4.0,-4.0,-0.0,0.0
616,-3.999999523162842,-3.999999523162842,-0.0,0.0
617,-4.0,-4.0,-0.0,0.0
618,-4.0,-4.0,-0.0,0.0
619,-4.0,-4.0,-0.0,0.0
620,-4.0,-4.0,-0.0,0.0
621,-4.000000953674316,-4.000000953674316,-0.0,0.0
622,-4.0,-4.0,-0.0,0.0
623,-4.0,-4.0,-0.0,0.0
624,-4.000000476837158,-4.000000476837158,-0.0,0.0
625,-4.0,-4.0,-0.0,0.0
626,-3.999999761581421,-3.999999761581421,-0.0,0.0
627,-4.0,-4.0,-0.0,0.0
628,-4.000000476837158,-4.000000476837158,-0.0,0.0
629,-4.000000476837158,-4.000000476837158,-0.0,0.0
630,-3.999999523162842,-3.999999523162842,-0.0,0.0
631,-4.000000476837158,-4.000000476837158,-0.0,0.0
632,-4.0,-4.0,-0.0,0.0
633,-4.0,-4.0,-0.0,0.0
634,-3.999999761581421,-3.999999761581421,-0.0,0.0
635,-4.0,-4.0,-0.0,0.0
636,-4.0,-4.0,-0.0,0.0
637,-4.0,-4.0,-0.0,0.0
638,-4.000000476837158,-4.000000476837158,-0.0,0.0
639,-3.999999761581421,-3.999999761581421,-0.0,0.0
640,-4.000000476837158,-4.000000476837158,-0.0,0.0
641,-3.999999523162842,-3.999999523162842,-0.0,0.0
642,-3.999999523162842,-3.999999523162842,-0.0,0.0
643,-4.0,-4.0,-0.0,0.0
644,-4.0,-4.0,-0.0,0.0
645,-3.999999523162842,-3.999999523162842,-0.0,0.0
646,-3.999999523162842,-3.999999523162842,-0.0,0.0
647,-3.999999523162842,-3.999999523162842,-0.0,0.0
648,-4.0,-4.0,-0.0,0.0
649,-4.0,-4.0,-0.0,0.0
650,-4.0,-4.0,-0.0,0.0
651,-4.000000476837158,-4.000000476837158,-0.0,0.0
652,-4.0,-4.0,-0.0,0.0
653,-4.000000476837158,-4.000000476837158,-0.0,0.0
654,-3.999999523162842,-3.999999523162842,-0.0,0.0
655,-3.999999523162842,-3.999999523162842,-0.0,0.0
656,-4.000000476837158,-4.000000476837158,-0.0,0.0
657,-3.999999523162842,-3.999999523162842,-0.0,0.0
658,-3.999999761581421,-3.999999761581421,-0.0,0.0
659,-4.000000476837158,-4.000000476837158,-0.0,0.0
660,-4.0,-4.0,-0.0,0.0
661,-3.999999523162842,-3.999999523162842,-0.0,0.0
662,-3.999999761581421,-3.999999761581421,-0.0,0.0
663,-3.999999523162842,-3.999999523162842,-0.0,0.0
664,-4.0,-4.0,-0.0,0.0
665,-4.0,-4.0,-0.0,0.0
666,-4.000000476837158,-4.000000476837158,-0.0,0.0
667,-3.999999761581421,-3.999999761581421,-0.0,0.0
668,-3.999999523162842,-3.999999523162842,-0.0,0.0
669,-4.0,-4.0,-0.0,0.0
670,-4.000000476837158,-4.000000476837158,-0.0,0.0
671,-4.000000476837158,-4.000000476837158,-0.0,0.0
672,-3.999999761581421,-3.999999761581421,-0.0,0.0
673,-4.0,-4.0,-0.0,0.0
674,-4.0,-4.0,-0.0,0.0
675,-4.000000476837158,-4.000000476837158,-0.0,0.0
676,-4.000000476837158,-4.000000476837158,-0.0,0.0
677,-4.0,-4.0,-0.0,0.0
678,-3.999999761581421,-3.999999761581421,-0.0,0.0
679,-4.0,-4.0,-0.0,0.0
680,-4.0,-4.0,-0.0,0.0
681,-3.999999523162842,-3.999999523162842,-0.0,0.0
682,-4.000000476837158,-4.000000476837158,-0.0,0.0
683,-4.0,-4.0,-0.0,0.0
684,-4.000000476837158,-4.000000476837158,-0.0,0.0
685,-4.0,-4.0,-0.0,0.0
686,-3.999999761581421,-3.999999761581421,-0.0,0.0
687,-4.0,-4.0,-0.0,0.0
688,-3.999999523162842,-3.999999523162842,-0.0,0.0
689,-4.000000476837158,-4.000000476837158,-0.0,0.0
690,-3.999999523162842,-3.999999523162842,-0.0,0.0
691,-4.000000476837158,-4.000000476837158,-0.0,0.0
692,-4.0,-4.0,-0.0,0.0
693,-4.0,-4.0,-0.0,0.0
694,-3.999999523162842,-3.999999523162842,-0.0,0.0
695,-3.999999523162842,-3.999999523162842,-0.0,0.0
696,-3.999999761581421,-3.999999761581421,-0.0,0.0
697,-3.999999761581421,-3.999999761581421,-0.0,0.0
698,-4.0,-4.0,-0.0,0.0
699,-4.0,-4.0,-0.0,0.0
700,-3.999999761581421,-3.999999761581421,-0.0,0.0
701,-3.999999523162842,-3.999999523162842,-0.0,0.0
702,-4.0,-4.0,-0.0,0.0
703,-4.0,-4.0,-0.0,0.0
704,-4.0,-4.0,-0.0,0.0
705,-4.0,-4.0,-0.0,0.0
706,-4.0,-4.0,-0.0,0.0
707,-3.9999992847442627,-3.9999992847442627,-0.0,0.0
708,-4.0,-4.0,-0.0,0.0
709,-4.0,-4.0,-0.0,0.0
710,-4.000000476837158,-4.000000476837158,-0.0,0.0
711,-3.999999523162842,-3.999999523162842,-0.0,0.0
712,-4.0,-4.0,-0.0,0.0
713,-4.0,-4.0,-0.0,0.0
714,-4.000000476837158,-4.000000476837158,-0.0,0.0
715,-3.999999523162842,-3.999999523162842,-0.0,0.0
716,-4.0,-4.0,-0.0,0.0
717,-4.0,-4.0,-0.0,0.0
718,-4.0,-4.0,-0.0,0.0
719,-4.0,-4.0,-0.0,0.0
720,-4.0,-4.0,-0.0,0.0
721,-4.0,-4.0,-0.0,0.0
722,-4.0,-4.0,-0.0,0.0
723,-4.0,-4.0,-0.0,0.0
724,-4.0,-4.0,-0.0,0.0
725,-4.0,-4.0,-0.0,0.0
726,-4.0,-4.0,-0.0,0.0
727,-4.000000476837158,-4.000000476837158,-0.0,0.0
728,-3.999999761581421,-3.999999761581421,-0.0,0.0
729,-4.0,-4.0,-0.0,0.0
730,-4.000000476837158,-4.000000476837158,-0.0,0.0
731,-4.0,-4.0,-0.0,0.0
732,-3.999999761581421,-3.999999761581421,-0.0,0.0
733,-4.0,-4.0,-0.0,0.0
734,-3.999999523162842,-3.999999523162842,-0.0,0.0
735,-4.0,-4.0,-0.0,0.0
736,-4.0,-4.0,-0.0,0.0
737,-3.999999761581421,-3.999999761581421,-0.0,0.0
738,-3.999999523162842,-3.999999523162842,-0.0,0.0
739,-3.999999761581421,-3.999999761581421,-0.0,0.0
740,-3.999999523162842,-3.999999523162842,-0.0,0.0
741,-4.0,-4.0,-0.0,0.0
742,-4.0,-4.0,-0.0,0.0
743,-4.000000476837158,-4.000000476837158,-0.0,0.0
744,-3.999999761581421,-3.999999761581421,-0.0,0.0
745,-4.0,-4.0,-0.0,0.0
746,-4.0,-4.0,-0.0,0.0
747,-4.000000953674316,-4.000000953674316,-0.0,0.0
748,-4.0,-4.0,-0.0,0.0
749,-3.999999761581421,-3.999999761581421,-0.0,0.0
750,-3.999999761581421,-3.999999761581421,-0.0,0.0
751,-3.999999761581421,-3.999999761581421,-0.0,0.0
752,-4.0,-4.0,-0.0,0.0
753,-4.0,-4.0,-0.0,0.0
754,-3.999999761581421,-3.999999761581421,-0.0,0.0
755,-3.999999523162842,-3.999999523162842,-0.0,0.0
756,-4.0,-4.0,-0.0,0.0
757,-4.000000476837158,-4.000000476837158,-0.0,0.0
758,-3.999999761581421,-3.999999761581421,-0.0,0.0
759,-3.999999761581421,-3.999999761581421,-0.0,0.0
760,-4.0,-4.0,-0.0,0.0
761,-4.000000476837158,-4.000000476837158,-0.0,0.0
762,-4.0,-4.0,-0.0,0.0
763,-3.999999761581421,-3.999999761581421,-0.0,0.0
764,-4.0,-4.0,-0.0,0.0
765,-3.999999523162842,-3.999999523162842,-0.0,0.0
766,-4.0,-4.0,-0.0,0.0
767,-3.999999523162842,-3.999999523162842,-0.0,0.0
768,-3.999999761581421,-3.999999761581421,-0.0,0.0
769,-4.0,-4.0,-0.0,0.0
770,-4.0,-4.0,-0.0,0.0
771,-4.000000476837158,-4.000000476837158,-0.0,0.0
772,-4.000000476837158,-4.000000476837158,-0.0,0.0
773,-4.0,-4.0,-0.0,0.0
774,-3.999999761581421,-3.999999761581421,-0.0,0.0
775,-3.999999523162842,-3.999999523162842,-0.0,0.0
776,-4.0,-4.0,-0.0,0.0
777,-4.0,-4.0,-0.0,0.0
778,-3.999999523162842,-3.999999523162842,-0.0,0.0
779,-4.0,-4.0,-0.0,0.0
780,-4.000000476837158,-4.000000476837158,-0.0,0.0
781,-4.0,-4.0,-0.0,0.0
782,-3.999999523162842,-3.999999523162842,-0.0,0.0
783,-4.000000476837158,-4.000000476837158,-0.0,0.0
784,-4.0,-4.0,-0.0,0.0
785,-4.0,-4.0,-0.0,0.0
786,-4.000000476837158,-4.000000476837158,-0.0,0.0
787,-4.0,-4.0,-0.0,0.0
788,-4.0,-4.0,-0.0,0.0
789,-3.999999523162842,-3.999999523162842,-0.0,0.0
790,-4.0,-4.0,-0.0,0.0
791,-4.0,-4.0,-0.0,0.0
792,-4.000000476837158,-4.000000476837158,-0.0,0.0
793,-3.999999523162842,-3.999999523162842,-0.0,0.0
794,-4.0,-4.0,-0.0,0.0
795,-4.0,-4.0,-0.0,0.0
796,-3.999999523162842,-3.999999523162842,-0.0,0.0
797,-4.0,-4.0,-0.0,0.0
798,-4.0,-4.0,-0.0,0.0
799,-4.0,-4.0,-0.0,0.0
800,-3.999999523162842,-3.999999523162842,-0.0,0.0
801,-4.0,-4.0,-0.0,0.0
802,-3.999999761581421,-3.999999761581421,-0.0,0.0
803,-3.999999523162842,-3.999999523162842,-0.0,0.0
804,-4.0,-4.0,-0.0,0.0
805,-4.0,-4.0,-0.0,0.0
806,-4.0,-4.0,-0.0,0.0
807,-4.0,-4.0,-0.0,0.0
808,-3.999999523162842,-3.999999523162842,-0.0,0.0
809,-4.000000476837158,-4.000000476837158,-0.0,0.0
810,-3.999999523162842,-3.999999523162842,-0.0,0.0
811,-4.0,-4.0,-0.0,0.0
812,-4.0,-4.0,-0.0,0.0
813,-4.0,-4.0,-0.0,0.0
814,-4.0,-4.0,-0.0,0.0
815,-3.999999761581421,-3.999999761581421,-0.0,0.0
816,-4.0,-4.0,-0.0,0.0
817,-4.0,-4.0,-0.0,0.0
818,-4.0,-4.0,-0.0,0.0
819,-4.0,-4.0,-0.0,0.0
820,-4.0,-4.0,-0.0,0.0
821,-4.0,-4.0,-0.0,0.0
822,-4.0,-4.0,-0.0,0.0
823,-4.000000476837158,-4.000000476837158,-0.0,0.0
824,-4.000000476837158,-4.000000476837158,-0.0,0.0
825,-4.000000476837158,-4.000000476837158,-0.0,0.0
826,-4.000000476837158,-4.000000476837158,-0.0,0.0
827,-4.000000476837158,-4.000000476837158,-0.0,0.0
828,-4.0,-4.0,-0.0,0.0
829,-4.0,-4.0,-0.0,0.0
830,-4.0,-4.0,-0.0,0.0
831,-3.999999761581421,-3.999999761581421,-0.0,0.0
832,-4.0,-4.0,-0.0,0.0
833,-3.999999523162842,-3.999999523162842,-0.0,0.0
834,-4.000000476837158,-4.000000476837158,-0.0,0.0
835,-3.999999523162842,-3.999999523162842,-0.0,0.0
836,-4.0,-4.0,-0.0,0.0
837,-3.999999523162842,-3.999999523162842,-0.0,0.0
838,-4.000000476837158,-4.000000476837158,-0.0,0.0
839,-3.999999523162842,-3.999999523162842,-0.0,0.0
840,-3.999999523162842,-3.999999523162842,-0.0,0.0
841,-4.0,-4.0,-0.0,0.0
842,-4.0,-4.0,-0.0,0.0
843,-4.0,-4.0,-0.0,0.0
844,-4.0,-4.0,-0.0,0.0
845,-4.0,-4.0,-0.0,0.0
846,-4.0,-4.0,-0.0,0.0
847,-4.0,-4.0,-0.0,0.0
848,-4.0,-4.0,-0.0,0.0
849,-3.999999761581421,-3.999999761581421,-0.0,0.0
850,-3.999999523162842,-3.999999523162842,-0.0,0.0
851,-4.0,-4.0,-0.0,0.0
852,-4.0,-4.0,-0.0,0.0
853,-4.0,-4.0,-0.0,0.0
854,-3.999999523162842,-3.999999523162842,-0.0,0.0
855,-3.999999523162842,-3.999999523162842,-0.0,0.0
856,-4.0,-4.0,-0.0,0.0
857,-4.0,-4.0,-0.0,0.0
858,-4.0,-4.0,-0.0,0.0
859,-4.000000476837158,-4.000000476837158,-0.0,0.0
860,-4.0,-4.0,-0.0,0.0
861,-4.0,-4.0,-0.0,0.0
862,-4.0,-4.0,-0.0,0.0
863,-4.000000476837158,-4.000000476837158,-0.0,0.0
864,-4.000000476837158,-4.000000476837158,-0.0,0.0
865,-4.0,-4.0,-0.0,0.0
866,-4.0,-4.0,-0.0,0.0
867,-4.0,-4.0,-0.0,0.0
868,-3.999999761581421,-3.999999761581421,-0.0,0.0
869,-4.0,-4.0,-0.0,0.0
870,-4.0,-4.0,-0.0,0.0
871,-4.000000476837158,-4.000000476837158,-0.0,0.0
872,-4.0,-4.0,-0.0,0.0
873,-4.0,-4.0,-0.0,0.0
874,-4.0,-4.0,-0.0,0.0
875,-3.999999761581421,-3.999999761581421,-0.0,0.0
876,-4.0,-4.0,-0.0,0.0
877,-4.0,-4.0,-0.0,0.0
878,-4.0,-4.0,-0.0,0.0
879,-3.999999523162842,-3.999999523162842,-0.0,0.0
880,-4.0,-4.0,-0.0,0.0
881,-4.0,-4.0,-0.0,0.0
882,-4.0,-4.0,-0.0,0.0
883,-4.000000476837158,-4.000000476837158,-0.0,0.0
884,-3.999999523162842,-3.999999523162842,-0.0,0.0
885,-3.999999523162842,-3.999999523162842,-0.0,0.0
886,-4.0,-4.0,-0.0,0.0
887,-4.0,-4.0,-0.0,0.0
888,-4.000000476837158,-4.000000476837158,-0.0,0.0
889,-3.999999761581421,-3.999999761581421,-0.0,0.0
890,-4.0,-4.0,-0.0,0.0
891,-3.999999523162842,-3.999999523162842,-0.0,0.0
892,-4.0,-4.0,-0.0,0.0
893,-4.000000953674316,-4.000000953674316,-0.0,0.0
894,-4.0,-4.0,-0.0,0.0
895,-4.0,-4.0,-0.0,0.0
896,-3.9999992847442627,-3.9999992847442627,-0.0,0.0
897,-4.0,-4.0,-0.0,0.0
898,-4.0,-4.0,-0.0,0.0
899,-4.0,-4.0,-0.0,0.0
900,-4.0,-4.0,-0.0,0.0
901,-4.0,-4.0,-0.0,0.0
902,-3.999999761581421,-3.999999761581421,-0.0,0.0
903,-3.999999523162842,-3.999999523162842,-0.0,0.0
904,-4.0,-4.0,-0.0,0.0
905,-4.000000476837158,-4.000000476837158,-0.0,0.0
906,-3.999999761581421,-3.999999761581421,-0.0,0.0
907,-3.999999523162842,-3.999999523162842,-0.0,0.0
908,-4.0,-4.0,-0.0,0.0
909,-3.999999523162842,-3.999999523162842,-0.0,0.0
910,-3.999999523162842,-3.999999523162842,-0.0,0.0
911,-3.999999523162842,-3.999999523162842,-0.0,0.0
912,-4.000000476837158,-4.000000476837158,-0.0,0.0
913,-4.0,-4.0,-0.0,0.0
914,-4.0,-4.0,-0.0,0.0
915,-3.9999992847442627,-3.9999992847442627,-0.0,0.0
916,-4.000000476837158,-4.000000476837158,-0.0,0.0
917,-3.999999523162842,-3.999999523162842,-0.0,0.0
918,-4.000000476837158,-4.000000476837158,-0.0,0.0
919,-4.0,-4.0,-0.0,0.0
920,-4.0,-4.0,-0.0,0.0
921,-4.000000476837158,-4.000000476837158,-0.0,0.0
922,-3.999999523162842,-3.999999523162842,-0.0,0.0
923,-4.000000476837158,-4.000000476837158,-0.0,0.0
924,-4.0,-4.0,-0.0,0.0
925,-4.0,-4.0,-0.0,0.0
926,-4.0,-4.0,-0.0,0.0
927,-3.999999761581421,-3.999999761581421,-0.0,0.0
928,-4.000000476837158,-4.000000476837158,-0.0,0.0
929,-4.0,-4.0,-0.0,0.0
930,-3.999999761581421,-3.999999761581421,-0.0,0.0
931,-4.0,-4.0,-0.0,0.0
932,-4.0,-4.0,-0.0,0.0
933,-4.0,-4.0,-0.0,0.0
934,-3.999999761581421,-3.999999761581421,-0.0,0.0
935,-3.999999761581421,-3.999999761581421,-0.0,0.0
936,-4.0,-4.0,-0.0,0.0
937,-4.000000476837158,-4.000000476837158,-0.0,0.0
938,-4.0,-4.0,-0.0,0.0
939,-3.999999761581421,-3.999999761581421,-0.0,0.0
940,-4.0,-4.0,-0.0,0.0
941,-4.0,-4.0,-0.0,0.0
942,-4.000000476837158,-4.000000476837158,-0.0,0.0
943,-3.999999523162842,-3.999999523162842,-0.0,0.0
944,-4.0,-4.0,-0.0,0.0
945,-4.000000476837158,-4.000000476837158,-0.0,0.0
946,-3.999999523162842,-3.999999523162842,-0.0,0.0
947,-4.000000476837158,-4.000000476837158,-0.0,0.0
948,-4.000000476837158,-4.000000476837158,-0.0,0.0
949,-4.000000476837158,-4.000000476837158,-0.0,0.0
950,-4.0,-4.0,-0.0,0.0
951,-4.000000476837158,-4.000000476837158,-0.0,0.0
952,-4.000000476837158,-4.000000476837158,-0.0,0.0
953,-4.0,-4.0,-0.0,0.0
954,-4.0,-4.0,-0.0,0.0
955,-4.0,-4.0,-0.0,0.0
956,-3.999999761581421,-3.999999761581421,-0.0,0.0
957,-3.999999523162842,-3.999999523162842,-0.0,0.0
958,-4.0,-4.0,-0.0,0.0
959,-4.000000476837158,-4.000000476837158,-0.0,0.0
960,-3.999999761581421,-3.999999761581421,-0.0,0.0
961,-4.0,-4.0,-0.0,0.0
962,-3.999999523162842,-3.999999523162842,-0.0,0.0
963,-4.0,-4.0,-0.0,0.0
964,-4.000000476837158,-4.000000476837158,-0.0,0.0
965,-4.0,-4.0,-0.0,0.0
966,-4.0,-4.0,-0.0,0.0
967,-4.0,-4.0,-0.0,0.0
968,-4.000000476837158,-4.000000476837158,-0.0,0.0
969,-4.0,-4.0,-0.0,0.0
970,-4.000000476837158,-4.000000476837158,-0.0,0.0
971,-4.0,-4.0,-0.0,0.0
972,-4.0,-4.0,-0.0,0.0
973,-4.0,-4.0,-0.0,0.0
974,-4.000000476837158,-4.000000476837158,-0.0,0.0
975,-4.0,-4.0,-0.0,0.0
976,-3.999999761581421,-3.999999761581421,-0.0,0.0
977,-4.0,-4.0,-0.0,0.0
978,-4.0,-4.0,-0.0,0.0
979,-4.0,-4.0,-0.0,0.0
980,-3.999999523162842,-3.999999523162842,-0.0,0.0
981,-4.0,-4.0,-0.0,0.0
982,-3.999999523162842,-3.999999523162842,-0.0,0.0
983,-4.0,-4.0,-0.0,0.0
984,-4.0,-4.0,-0.0,0.0
985,-4.000000476837158,-4.000000476837158,-0.0,0.0
986,-4.000000476837158,-4.000000476837158,-0.0,0.0
987,-4.0,-4.0,-0.0,0.0
988,-4.0,-4.0,-0.0,0.0
989,-4.0,-4.0,-0.0,0.0
990,-3.999999761581421,-3.999999761581421,-0.0,0.0
991,-4.0,-4.0,-0.0,0.0
992,-3.999999523162842,-3.999999523162842,-0.0,0.0
993,-4.0,-4.0,-0.0,0.0
994,-3.999999523162842,-3.999999523162842,-0.0,0.0
995,-4.000000476837158,-4.000000476837158,-0.0,0.0
996,-3.999999523162842,-3.999999523162842,-0.0,0.0
997,-3.999999761581421,-3.999999761581421,-0.0,0.0
998,-4.0,-4.0,-0.0,0.0
999,-4.000000476837158,-4.000000476837158,-0.0,0.0
