optimizer,run,time
adam,0,3.5189
sgd,0,2.4267
lbfgs,0,5.4438
rmsprop,0,2.7998
adagrad,0,2.9232
adamw,0,2.9759
adam,1,2.3689
sgd,1,2.3746
lbfgs,1,8.2616
rmsprop,1,2.6467
adagrad,1,2.9055
adamw,1,2.8798
adam,2,2.8697
sgd,2,2.3871
lbfgs,2,7.9868
rmsprop,2,2.4297
adagrad,2,2.4199
adamw,2,3.2249
adam,3,2.8739
sgd,3,2.3302
lbfgs,3,7.6369
rmsprop,3,2.9266
adagrad,3,6.0808
adamw,3,3.2278
adam,4,2.9363
sgd,4,2.6882
lbfgs,4,9.0867
rmsprop,4,2.797
adagrad,4,2.4631
adamw,4,2.4425
adam,5,2.8416
sgd,5,2.6853
lbfgs,5,8.5051
rmsprop,5,2.8699
adagrad,5,2.6644
adamw,5,2.4952
adam,6,2.8444
sgd,6,2.4531
lbfgs,6,5.7726
rmsprop,6,2.6602
adagrad,6,2.8385
adamw,6,2.8089
adam,7,2.3875
sgd,7,2.1716
lbfgs,7,7.5944
rmsprop,7,2.3885
adagrad,7,2.4058
adamw,7,3.0598
adam,8,2.7613
sgd,8,2.1914
lbfgs,8,7.5827
rmsprop,8,2.9328
adagrad,8,2.4083
adamw,8,2.5555
adam,9,3.003
sgd,9,2.3475
lbfgs,9,6.4223
rmsprop,9,3.3542
adagrad,9,2.3323
adamw,9,2.4179
